n,p-or-m,type,seed,m,err-dm,err-es,time-brandes,time-dm,time-es
100,0.100000,random,94659366,504,8.851461e-25,2.600086e-27,0.001288,0.013263,0.002144
100,0.100000,random,3856698243,504,7.119438e-25,1.363941e-27,0.001779,0.009142,0.002515
100,0.100000,random,2151799700,495,7.606244e-25,3.180687e-27,0.001960,0.007218,0.003067
100,0.100000,random,651227508,543,4.998601e-25,5.736597e-27,0.001803,0.004599,0.002221
100,0.100000,random,2460953017,508,6.702588e-25,3.660315e-27,0.001151,0.004646,0.001740
100,0.100000,random,1412406837,507,5.917877e-25,4.064211e-27,0.001932,0.006368,0.003444
100,0.100000,random,2794388919,469,7.189631e-25,6.159426e-27,0.001097,0.004735,0.001681
100,0.100000,random,729121384,447,6.464780e-25,4.165186e-27,0.001440,0.006570,0.002238
100,0.100000,random,2086886272,514,7.466736e-25,3.367647e-27,0.002681,0.011678,0.003336
100,0.100000,random,3560797331,477,6.925883e-25,3.903284e-27,0.001770,0.016966,0.014244
300,0.100000,random,7953160,4510,9.874014e-24,1.038520e-25,0.013110,0.129384,0.012096
300,0.100000,random,2091954151,4413,8.938993e-24,9.526915e-26,0.012968,0.128924,0.010969
300,0.100000,random,2002230128,4557,1.025312e-23,1.374764e-25,0.013429,0.130103,0.014163
300,0.100000,random,3956406497,4406,5.965555e-24,1.227341e-25,0.013832,0.133972,0.013855
300,0.100000,random,1482826546,4477,1.208404e-23,1.232390e-25,0.012653,0.117702,0.011017
300,0.100000,random,3977470114,4497,1.057721e-23,1.040160e-25,0.013371,0.113674,0.011389
300,0.100000,random,3533838801,4433,1.499820e-23,1.186952e-25,0.012798,0.114481,0.012397
300,0.100000,random,58595694,4403,1.032012e-23,1.106172e-25,0.014988,0.116062,0.011652
300,0.100000,random,907028709,4336,9.368108e-24,1.079919e-25,0.012965,0.128557,0.013057
300,0.100000,random,3230040610,4426,1.003305e-23,1.239458e-25,0.013379,0.132233,0.012513
500,0.100000,random,79218021,12304,6.601824e-22,6.589576e-25,0.043375,0.623642,0.035876
500,0.100000,random,374821761,12637,6.899787e-22,5.963536e-25,0.043037,0.642770,0.033149
500,0.100000,random,3741315105,12407,6.494240e-22,5.931224e-25,0.043378,0.609378,0.034880
500,0.100000,random,3783834465,12593,6.861029e-22,5.793899e-25,0.041840,0.611292,0.032186
500,0.100000,random,86273569,12493,7.438068e-22,6.347238e-25,0.044933,0.668449,0.032870
500,0.100000,random,4110020497,12610,7.778614e-22,6.038257e-25,0.043022,0.670192,0.046390
500,0.100000,random,1117254867,12405,6.884835e-22,7.013668e-25,0.048418,0.639022,0.038293
100,0.200000,random,2130546885,982,2.799573e-25,3.231174e-27,0.003439,0.016382,0.006095
100,0.200000,random,1489600746,937,1.506567e-25,9.592549e-28,0.002344,0.012226,0.003154
100,0.200000,random,3691812536,961,2.731068e-25,1.776515e-27,0.002296,0.009045,0.001186
100,0.200000,random,512609551,951,2.574022e-25,2.189878e-27,0.001170,0.030452,0.003332
100,0.200000,random,2163516558,990,2.342917e-25,2.259298e-27,0.001592,0.009129,0.002624
100,0.200000,random,2169236359,947,1.972973e-25,2.082593e-27,0.002303,0.009081,0.001451
100,0.200000,random,3213401978,963,2.695916e-25,2.237210e-27,0.001980,0.007936,0.002683
500,0.100000,random,1434215231,12484,7.497360e-22,5.424334e-25,0.046802,0.607211,0.036798
100,0.200000,random,3961326052,973,2.385105e-25,1.962686e-27,0.002291,0.027279,0.002913
100,0.200000,random,420147311,990,2.301707e-25,1.820691e-27,0.001886,0.009612,0.002574
100,0.200000,random,4121225751,969,2.320135e-25,3.092335e-27,0.002520,0.036499,0.002212
500,0.100000,random,3424328258,12483,6.601126e-22,5.705547e-25,0.041662,0.581329,0.034909
300,0.200000,random,1803668590,9074,4.834650e-23,8.244543e-26,0.021444,0.132290,0.025509
500,0.100000,random,2629062297,12520,7.422643e-22,6.559284e-25,0.046108,0.620763,0.032892
300,0.200000,random,2488490052,9130,4.703504e-23,8.461638e-26,0.021400,0.128497,0.025999
300,0.200000,random,821908600,8983,4.948816e-23,9.148262e-26,0.021595,0.126514,0.028434
300,0.200000,random,3746847877,8921,4.874443e-23,9.511769e-26,0.021870,0.123509,0.025231
300,0.200000,random,1293102421,8996,4.710658e-23,1.015800e-25,0.021010,0.123762,0.029110
300,0.200000,random,3111636460,9030,4.221802e-23,7.239850e-26,0.022403,0.129911,0.027851
300,0.200000,random,1441073281,8926,4.415465e-23,7.522578e-26,0.020419,0.117840,0.028348
300,0.200000,random,2515728090,9006,4.264484e-23,1.093046e-25,0.020761,0.117940,0.029288
300,0.200000,random,2628369398,8788,4.063131e-23,9.612743e-26,0.020160,0.118241,0.024020
300,0.200000,random,2680210961,9056,4.293483e-23,8.123374e-26,0.022210,0.137860,0.032410
500,0.200000,random,1931128078,24806,3.134452e-21,5.769666e-25,0.095117,0.653514,0.137978
500,0.200000,random,1893177837,25059,3.894009e-21,5.462704e-25,0.098778,0.654568,0.135631
500,0.200000,random,2994514475,25154,3.477605e-21,5.355671e-25,0.093315,0.645377,0.148393
500,0.200000,random,3821307748,25008,3.793828e-21,5.545503e-25,0.099040,0.634835,0.135878
500,0.200000,random,334301865,24835,3.471971e-21,4.606443e-25,0.091295,0.607901,0.140810
500,0.200000,random,941777747,24860,3.638246e-21,4.921482e-25,0.093948,0.704475,0.142586
500,0.200000,random,2318993346,24692,3.246013e-21,6.272517e-25,0.095384,0.783996,0.133828
100,0.300000,random,4183103482,1508,1.706994e-24,1.792292e-27,0.001862,0.004988,0.002384
100,0.300000,random,1218057332,1460,1.418056e-24,2.489645e-27,0.005372,0.011275,0.005017
100,0.300000,random,3334675610,1453,2.115681e-24,1.451504e-27,0.003385,0.009275,0.006381
100,0.300000,random,2316989912,1505,1.429889e-24,2.350805e-27,0.003508,0.009543,0.002358
500,0.200000,random,2762913253,25079,3.874355e-21,4.824547e-25,0.096916,0.805171,0.175057
100,0.300000,random,3340807671,1441,1.329186e-24,1.640831e-27,0.005216,0.015363,0.004075
100,0.300000,random,1379245455,1534,1.600678e-24,2.593775e-27,0.001813,0.004826,0.002446
100,0.300000,random,2835115110,1437,1.514676e-24,1.401017e-27,0.018820,0.009457,0.005255
100,0.300000,random,4167706191,1466,1.455180e-24,2.309785e-27,0.002496,0.007054,0.003084
100,0.300000,random,1797429828,1524,2.322990e-24,2.022639e-27,0.002677,0.007091,0.005022
100,0.300000,random,2352821472,1510,1.604341e-24,1.792292e-27,0.002591,0.007221,0.003208
300,0.300000,random,1159992275,13368,7.592280e-23,7.315580e-26,0.036960,0.136260,0.062556
300,0.300000,random,4149126846,13494,5.922470e-23,7.815403e-26,0.042380,0.148710,0.089502
300,0.300000,random,648178618,13432,4.456218e-23,9.451185e-26,0.040883,0.140284,0.071854
300,0.300000,random,3541157175,13493,5.210470e-23,6.664297e-26,0.045028,0.147673,0.081627
500,0.200000,random,2119494943,25107,3.727529e-21,5.337496e-25,0.103710,0.683717,0.155351
500,0.200000,random,2805185734,24814,3.320638e-21,5.442509e-25,0.095546,0.677222,0.142837
300,0.300000,random,3126775995,13503,7.265598e-23,7.916377e-26,0.038086,0.129286,0.072102
300,0.300000,random,400069706,13519,4.137983e-23,7.350921e-26,0.040711,0.144432,0.077263
300,0.300000,random,3726433595,13471,6.411892e-23,6.972268e-26,0.037625,0.138214,0.080135
300,0.300000,random,3878185805,13579,5.606683e-23,8.067838e-26,0.040033,0.136794,0.071352
300,0.300000,random,807813316,13580,4.708336e-23,7.537724e-26,0.038776,0.142248,0.073721
300,0.300000,random,2793239503,13438,5.783868e-23,7.381214e-26,0.037323,0.137969,0.080713
500,0.300000,random,1489600865,37241,2.534888e-21,4.257072e-25,0.171390,0.655750,0.377764
500,0.300000,random,3657495759,37684,3.435044e-21,3.909721e-25,0.177301,0.674907,0.482838
500,0.300000,random,1635854494,37204,1.879256e-21,4.376222e-25,0.169899,0.689940,0.382539
500,0.300000,random,386955359,37185,2.916076e-21,4.442865e-25,0.167945,0.721147,0.426836
500,0.300000,random,1688907319,37289,3.029379e-21,4.184371e-25,0.173603,0.717361,0.409078
500,0.300000,random,940222010,37273,3.035300e-21,3.699695e-25,0.170844,0.717260,0.404236
500,0.300000,random,1043172561,37266,2.568823e-21,4.214663e-25,0.169005,0.710506,0.395857
100,0.400000,random,1454827847,1955,1.675276e-24,9.592549e-28,0.004892,0.010161,0.006152
100,0.400000,random,1908585757,1946,1.822237e-24,9.592549e-28,0.002443,0.005086,0.003338
100,0.400000,random,850078136,1995,1.567855e-24,1.025519e-27,0.002619,0.008275,0.003832
100,0.400000,random,1740181555,2008,1.900438e-24,1.110716e-27,0.002799,0.005176,0.004783
500,0.300000,random,2684857427,37431,2.891056e-21,4.125806e-25,0.173024,0.648247,0.426279
100,0.400000,random,519104836,2064,1.473472e-24,9.497885e-28,0.005596,0.010287,0.008122
100,0.400000,random,2285729255,1990,1.693735e-24,1.227468e-27,0.005235,0.012134,0.010299
100,0.400000,random,3909118181,2003,1.754370e-24,1.164359e-27,0.002554,0.005507,0.004185
100,0.400000,random,2650032721,1975,1.809868e-24,9.844984e-28,0.002485,0.005147,0.003855
100,0.400000,random,354956727,1942,1.462952e-24,1.076006e-27,0.007111,0.010225,0.008174
100,0.400000,random,1424195895,2039,2.015609e-24,8.961460e-28,0.004158,0.007639,0.005622
300,0.400000,random,1289904690,17958,1.163604e-22,5.831260e-26,0.062216,0.151838,0.157362
300,0.400000,random,2646097987,17989,1.621615e-22,5.906990e-26,0.064008,0.140266,0.133056
300,0.400000,random,2291459772,17927,1.091518e-22,5.664652e-26,0.062594,0.149164,0.150705
300,0.400000,random,1512019272,18048,1.317528e-22,4.796274e-26,0.063461,0.155702,0.136397
300,0.400000,random,2443242723,17883,1.295219e-22,5.503094e-26,0.062138,0.153126,0.149896
300,0.400000,random,1416730651,18056,1.243853e-22,5.619214e-26,0.068245,0.148069,0.150468
300,0.400000,random,2366955017,17951,1.266662e-22,6.108939e-26,0.062412,0.147770,0.151306
500,0.300000,random,1950992856,37310,2.309558e-21,3.637091e-25,0.179259,0.804751,0.447769
500,0.300000,random,4162218987,37572,2.987425e-21,4.776079e-25,0.184254,0.722520,0.391982
300,0.400000,random,4270519649,17833,1.341642e-22,4.745787e-26,0.071032,0.161114,0.153818
300,0.400000,random,2963062755,17879,1.203875e-22,5.886796e-26,0.063563,0.168720,0.152894
300,0.400000,random,3683948100,17971,1.215817e-22,5.578824e-26,0.060831,0.162583,0.138982
500,0.400000,random,1290487451,49932,1.448320e-21,3.261467e-25,0.295709,0.738387,0.861460
500,0.400000,random,3258261202,50026,1.985604e-21,3.562370e-25,0.287902,0.770645,0.872672
500,0.400000,random,2327085746,49910,1.679341e-21,3.247330e-25,0.298348,0.756378,0.919825
500,0.400000,random,1250692274,50138,3.009943e-21,3.212999e-25,0.293763,1.086606,0.779371
500,0.400000,random,3954109681,49693,1.761216e-21,3.265505e-25,0.288846,0.740049,0.870566
500,0.400000,random,366476330,49895,1.677554e-21,3.281661e-25,0.286704,0.790259,0.822803
500,0.400000,random,1987030532,49979,1.869415e-21,2.885843e-25,0.287676,0.781961,0.827947
100,0.500000,random,2026393268,2412,1.766824e-24,9.592549e-28,0.006504,0.010962,0.008462
100,0.500000,random,3480561281,2489,1.190047e-24,1.161203e-27,0.003428,0.005358,0.004755
100,0.500000,random,2295634449,2438,1.391188e-24,6.815758e-28,0.003344,0.006028,0.004969
100,0.500000,random,1532139855,2422,1.673666e-24,8.519698e-28,0.003399,0.005489,0.005435
100,0.500000,random,247401950,2476,1.449037e-24,1.000276e-27,0.006872,0.014749,0.012694
100,0.500000,random,3701047246,2424,1.341562e-24,1.098094e-27,0.003587,0.006090,0.006590
100,0.500000,random,3451872981,2480,1.721257e-24,1.123338e-27,0.003419,0.005379,0.005280
100,0.500000,random,151495843,2502,1.476180e-24,7.888609e-28,0.003391,0.005497,0.004969
100,0.500000,random,2896870,2493,1.163964e-24,7.352184e-28,0.006915,0.010833,0.004898
100,0.500000,random,3402617795,2482,1.548925e-24,1.079162e-27,0.009976,0.013028,0.013869
500,0.400000,random,1300936893,49708,2.018997e-21,3.410908e-25,0.281471,0.948777,0.931784
300,0.500000,random,3436063421,22418,3.204790e-23,4.185380e-26,0.087940,0.152436,0.213637
300,0.500000,random,3590177117,22208,5.324788e-23,4.407524e-26,0.090396,0.157559,0.213331
300,0.500000,random,3766141379,22429,6.736448e-23,4.806372e-26,0.087796,0.158872,0.212488
300,0.500000,random,2811053472,22354,4.264181e-23,3.943042e-26,0.089787,0.161896,0.191137
300,0.500000,random,1054743972,22302,4.877589e-23,4.094504e-26,0.089699,0.157216,0.207968
300,0.500000,random,870504360,22363,4.676140e-23,4.407524e-26,0.089365,0.161870,0.206730
300,0.500000,random,1446461369,22657,3.198141e-23,3.569438e-26,0.093539,0.154197,0.222692
300,0.500000,random,4101462426,22490,5.941074e-23,4.018773e-26,0.090599,0.169944,0.231184
300,0.500000,random,955517265,22288,7.454097e-23,4.538790e-26,0.088775,0.155238,0.220968
500,0.400000,random,4271543444,49774,1.333183e-21,3.200882e-25,0.297451,0.791745,0.906013
300,0.500000,random,734300100,22545,4.140810e-23,4.185380e-26,0.089355,0.167982,0.199291
500,0.400000,random,430881629,49726,1.482174e-21,3.233194e-25,0.333377,0.859484,0.896651
500,0.500000,random,3363416424,62615,4.784048e-21,1.666074e-25,0.416256,0.799472,1.337979
500,0.500000,random,1233495540,62426,5.625748e-21,1.954860e-25,0.409426,0.794564,1.367956
500,0.500000,random,2716151534,62317,6.976734e-21,1.769068e-25,0.423518,0.844698,1.283338
500,0.500000,random,1301511436,62376,7.361469e-21,1.692328e-25,0.428200,0.827985,1.497209
500,0.500000,random,3988324031,62045,7.831328e-21,1.938705e-25,0.404122,0.781639,1.355008
500,0.500000,random,2602715254,62292,7.447221e-21,1.657996e-25,0.411864,0.889462,1.432009
500,0.500000,random,854408536,62198,7.115304e-21,1.607509e-25,0.409096,0.910178,1.387290
100,0.600000,random,2915105886,2966,8.527523e-25,6.815758e-28,0.004021,0.005682,0.005301
500,0.500000,random,288804242,62287,8.216819e-21,1.803399e-25,0.415423,0.905899,1.391543
100,0.600000,random,1024862237,2977,7.082362e-25,8.267262e-28,0.004109,0.005557,0.005062
100,0.600000,random,1523524145,2935,9.189125e-25,4.354512e-28,0.004028,0.005593,0.006560
100,0.600000,random,922015148,2973,6.061197e-25,5.458917e-28,0.005156,0.012592,0.004940
100,0.600000,random,317863410,3000,5.175085e-25,5.616690e-28,0.004059,0.005479,0.006283
100,0.600000,random,1201943063,2953,9.175557e-25,5.269591e-28,0.004054,0.005565,0.005775
100,0.600000,random,1613961046,2966,8.615844e-25,4.701611e-28,0.007964,0.011442,0.005549
100,0.600000,random,2541996492,2972,5.860921e-25,5.143373e-28,0.004047,0.005529,0.005678
100,0.600000,random,1908303554,2983,6.746465e-25,4.133631e-28,0.004743,0.005553,0.005849
100,0.600000,random,547644457,2997,6.131342e-25,5.017155e-28,0.004119,0.005487,0.006449
300,0.600000,random,1211691607,26865,9.073319e-22,1.968997e-26,0.107672,0.160955,0.257434
300,0.600000,random,2289102813,26757,9.697554e-22,2.271919e-26,0.110720,0.163265,0.266154
300,0.600000,random,3408911904,27093,8.473560e-22,2.312309e-26,0.108313,0.161478,0.268709
300,0.600000,random,4183779628,26865,1.069143e-21,2.165897e-26,0.110560,0.165514,0.265611
300,0.600000,random,2175657825,27063,8.388161e-22,2.075020e-26,0.108083,0.159736,0.233167
300,0.600000,random,2211777810,26865,1.068587e-21,2.075020e-26,0.107986,0.159832,0.253669
300,0.600000,random,690810917,26845,8.760373e-22,2.241627e-26,0.112194,0.159774,0.277956
300,0.600000,random,951062264,27076,7.794601e-22,1.999289e-26,0.109053,0.162182,0.261778
300,0.600000,random,2377511459,27113,8.561459e-22,2.211335e-26,0.108260,0.162128,0.227385
300,0.600000,random,337524999,26845,8.567326e-22,2.620280e-26,0.108179,0.165908,0.239196
500,0.500000,random,2216268492,62557,6.164906e-21,1.563081e-25,0.400894,0.872706,1.370282
500,0.500000,random,3270048461,62513,6.773855e-21,1.861964e-25,0.417275,0.935924,1.218647
500,0.600000,random,2988593867,75005,4.224824e-21,1.377288e-25,0.571151,1.129597,1.740030
500,0.600000,random,2756539788,74908,4.963480e-21,1.365171e-25,0.511671,0.836842,1.710168
500,0.600000,random,4234187520,74732,7.064699e-21,1.290450e-25,0.496680,1.161656,1.670813
500,0.600000,random,2499651327,74801,4.256373e-21,1.429795e-25,0.499704,1.065151,1.683389
500,0.600000,random,3463310251,74909,6.639410e-21,1.401522e-25,0.501644,0.823953,1.706378
500,0.600000,random,1640851453,74972,4.734156e-21,1.185437e-25,0.508583,0.840331,1.597419
500,0.600000,random,3568826450,74904,4.487198e-21,1.278333e-25,0.502040,0.979705,1.534365
100,0.700000,random,3601280648,3501,2.539501e-26,3.660315e-28,0.004441,0.005745,0.004408
100,0.700000,random,3709686014,3420,2.524670e-26,3.155444e-28,0.009112,0.016359,0.004407
100,0.700000,random,2129918535,3451,3.792212e-26,3.407879e-28,0.004472,0.006422,0.004707
100,0.700000,random,3326359302,3471,1.958268e-26,3.660315e-28,0.014994,0.013423,0.006158
100,0.700000,random,1211921151,3480,3.700704e-26,2.871454e-28,0.004340,0.005523,0.005178
100,0.700000,random,1780396333,3448,3.504120e-26,2.682127e-28,0.004367,0.005699,0.006506
100,0.700000,random,102894173,3473,1.553740e-26,2.555909e-28,0.004466,0.005636,0.007096
100,0.700000,random,1767407264,3479,2.186407e-26,2.398137e-28,0.004460,0.005823,0.005241
100,0.700000,random,911766264,3463,1.801758e-26,3.250107e-28,0.004401,0.005769,0.005382
100,0.700000,random,2779235348,3466,1.928292e-26,2.524355e-28,0.004295,0.005591,0.006012
500,0.600000,random,2723540248,75038,5.174434e-21,1.433834e-25,0.502020,1.075277,1.524910
300,0.700000,random,1049279043,31335,5.706317e-24,1.191496e-26,0.115342,0.163821,0.242412
300,0.700000,random,3643834503,31359,2.678492e-24,1.024888e-26,0.113769,0.162842,0.244682
300,0.700000,random,3114237980,31442,2.145166e-23,9.844984e-27,0.114821,0.164179,0.267396
300,0.700000,random,3191899263,31508,7.163513e-24,9.895471e-27,0.113862,0.160625,0.253943
300,0.700000,random,2648996582,31355,2.829600e-24,1.221788e-26,0.116105,0.165885,0.277323
300,0.700000,random,1112648466,31466,2.516883e-24,1.014791e-26,0.113912,0.168704,0.252461
300,0.700000,random,2325516857,31467,6.116411e-24,1.115765e-26,0.111622,0.162042,0.267079
300,0.700000,random,230227778,31311,4.869481e-24,1.146057e-26,0.113912,0.163261,0.231904
300,0.700000,random,3626631786,31378,3.811422e-24,1.151106e-26,0.111480,0.161543,0.282968
300,0.700000,random,2089348303,31337,3.430548e-24,1.231885e-26,0.111111,0.164848,0.254310
500,0.600000,random,3954297015,74811,7.186916e-21,1.349015e-25,0.502567,0.885455,1.482272
500,0.600000,random,1569578447,75026,7.465089e-21,1.308626e-25,0.502306,0.828248,1.696229
500,0.700000,random,3269899568,87480,5.310097e-21,5.301145e-26,0.525476,0.847032,1.546938
500,0.700000,random,764107456,87246,5.786332e-21,5.846406e-26,0.526270,0.842630,1.524444
500,0.700000,random,2795634809,87257,6.138889e-21,5.937283e-26,0.520357,0.913183,1.560229
500,0.700000,random,2625944014,87521,6.467440e-21,6.290692e-26,0.530420,0.914112,1.542349
500,0.700000,random,2945712378,86951,6.419739e-21,6.068549e-26,0.571172,0.889320,1.570507
500,0.700000,random,2491373423,87247,6.201774e-21,6.472446e-26,0.543343,0.858940,1.740357
500,0.700000,random,1400969724,87363,5.956167e-21,6.492641e-26,0.520899,0.840237,1.779367
100,0.800000,random,1959541740,3953,2.198634e-26,1.333175e-28,0.003997,0.005651,0.003856
100,0.800000,random,2103339365,3962,8.103889e-26,1.017631e-28,0.011126,0.007969,0.005330
100,0.800000,random,1152676009,3928,9.456865e-26,4.417621e-29,0.004056,0.005570,0.003751
100,0.800000,random,396135934,4003,7.015577e-26,7.651951e-29,0.003989,0.005590,0.003281
100,0.800000,random,3131584320,3959,1.092904e-25,7.257520e-29,0.007761,0.011332,0.010813
100,0.800000,random,2871306891,3981,7.527863e-26,4.733165e-29,0.004989,0.005827,0.004579
100,0.800000,random,14951605,3931,1.081670e-25,1.167514e-28,0.004155,0.012801,0.003794
100,0.800000,random,4008403312,3958,1.123093e-25,9.860761e-29,0.004007,0.005510,0.004879
100,0.800000,random,3642837839,3935,8.093476e-26,7.415293e-29,0.004157,0.005775,0.003930
100,0.800000,random,296810532,3957,7.942409e-26,6.547546e-29,0.004041,0.005504,0.003734
500,0.700000,random,3544451837,86947,7.688153e-21,7.113632e-26,0.530552,0.911729,1.664155
300,0.800000,random,629750769,35869,3.913558e-24,4.266160e-27,0.102604,0.162163,0.191932
300,0.800000,random,2630545542,35982,7.239219e-25,4.051590e-27,0.102220,0.156209,0.179673
300,0.800000,random,71182258,36089,4.575217e-24,3.054469e-27,0.109676,0.170370,0.167119
300,0.800000,random,4127793966,35825,1.943665e-24,3.622449e-27,0.101459,0.156656,0.179335
300,0.800000,random,2738574404,35909,3.204239e-24,3.193309e-27,0.101140,0.157905,0.182605
300,0.800000,random,1746310259,36011,8.173546e-24,3.142822e-27,0.101755,0.157833,0.190772
300,0.800000,random,1095323476,35903,3.626905e-24,3.546719e-27,0.101421,0.154909,0.207574
300,0.800000,random,220107338,35904,3.446565e-24,4.051590e-27,0.101322,0.159921,0.200864
300,0.800000,random,4162468459,35749,1.705517e-24,3.837019e-27,0.102064,0.155264,0.187699
300,0.800000,random,3419252935,36076,9.058092e-24,2.865143e-27,0.107269,0.172263,0.174027
500,0.700000,random,4106915542,87301,5.318892e-21,5.806016e-26,0.564182,1.011669,1.683717
500,0.700000,random,3922462850,87246,6.760505e-21,6.038257e-26,0.524412,0.910957,1.670382
500,0.800000,random,3007464741,99670,6.157776e-21,2.064922e-26,0.492273,0.915053,1.358707
500,0.800000,random,1016952273,99729,5.757966e-21,2.206286e-26,0.492120,1.038860,1.286425
500,0.800000,random,891779103,99889,5.434213e-21,2.595037e-26,0.479743,1.102681,1.240846
500,0.800000,random,18697989,99413,7.537327e-21,2.075020e-26,0.483163,0.816554,1.220920
500,0.800000,random,1556383304,99786,6.251837e-21,2.483965e-26,0.474290,0.840483,1.184984
500,0.800000,random,3710378145,100025,5.113806e-21,2.150750e-26,0.483045,0.925981,1.304380
500,0.800000,random,1620670456,99723,5.497945e-21,2.483965e-26,0.477508,1.139412,1.209224
100,0.900000,random,2961951705,4438,5.237445e-27,7.099748e-30,0.003142,0.005073,0.002337
100,0.900000,random,2082776404,4451,5.479625e-27,8.874685e-30,0.005498,0.013183,0.001977
100,0.900000,random,549962990,4472,6.298660e-27,1.183291e-29,0.003070,0.004995,0.001850
100,0.900000,random,3220458234,4459,6.085273e-27,6.310887e-30,0.006285,0.009429,0.004242
100,0.900000,random,225482814,4451,8.189954e-27,9.466331e-30,0.006154,0.009465,0.004345
100,0.900000,random,2904964436,4456,8.952980e-27,6.310887e-30,0.003096,0.005002,0.002158
100,0.900000,random,1313470991,4451,2.578786e-27,7.099748e-30,0.006090,0.009759,0.005133
100,0.900000,random,1857610234,4455,3.933260e-27,9.466331e-30,0.005257,0.008287,0.002538
100,0.900000,random,1930997914,4447,4.369501e-27,1.025519e-29,0.005968,0.028556,0.002398
100,0.900000,random,1409210157,4454,4.444442e-27,6.310887e-30,0.006476,0.009760,0.001646
500,0.800000,random,1321574973,99433,7.030709e-21,2.317358e-26,0.497994,0.813214,1.294697
300,0.900000,random,1978727759,40394,9.881272e-26,4.133631e-28,0.078753,0.141105,0.084559
300,0.900000,random,2136195135,40221,4.364547e-25,5.332700e-28,0.078379,0.152106,0.071695
300,0.900000,random,1095005225,40446,3.263360e-25,6.279333e-28,0.075000,0.140507,0.083952
300,0.900000,random,1641664115,40377,8.467917e-25,6.026897e-28,0.081365,0.141541,0.058350
300,0.900000,random,3612596829,40313,1.502565e-24,7.005085e-28,0.077272,0.147534,0.065526
300,0.900000,random,2060143458,40327,1.928216e-24,6.184669e-28,0.078805,0.144745,0.080987
300,0.900000,random,2899514334,40419,3.479293e-24,5.490472e-28,0.077155,0.147664,0.086183
300,0.900000,random,2996913208,40398,2.027877e-24,4.386067e-28,0.080457,0.163216,0.074482
300,0.900000,random,1270272509,40357,5.449420e-25,4.102077e-28,0.078836,0.143878,0.090331
300,0.900000,random,2191225778,40447,9.498453e-25,5.238036e-28,0.080535,0.155430,0.059622
500,0.800000,random,3004301461,99859,6.008167e-21,1.943753e-26,0.479194,0.909552,1.159567
500,0.900000,random,520822527,112394,2.806855e-23,2.511733e-27,0.354322,0.762569,0.512092
500,0.900000,random,2848909667,112225,4.178412e-23,3.092335e-27,0.371367,1.082407,0.459741
500,0.800000,random,373562867,100025,5.842929e-21,2.337553e-26,0.532189,1.213301,1.252891
500,0.900000,random,1467565417,112445,2.148471e-23,2.701060e-27,0.354722,0.726160,0.431135
500,0.900000,random,1229537575,112110,7.308796e-23,4.026346e-27,0.363730,0.739018,0.484484
500,0.900000,random,1769601345,112359,2.119530e-23,2.726303e-27,0.358070,1.015021,0.421023
500,0.900000,random,2467476642,112361,1.618677e-23,2.625329e-27,0.347844,1.029320,0.572978
500,0.900000,random,2188554715,112348,2.186283e-23,2.928252e-27,0.357628,0.733200,0.452532
100,2.000000,scale-free,418014293,196,6.232528e-25,7.941660e-27,0.001367,0.009979,0.003923
100,2.000000,scale-free,1830178981,196,9.429545e-23,1.704334e-27,0.001825,0.006684,0.003994
100,2.000000,scale-free,1896072949,196,3.012512e-23,1.622549e-26,0.001368,0.005621,0.004356
100,2.000000,scale-free,2905237262,196,3.031142e-24,1.364729e-28,0.000687,0.006921,0.002534
100,2.000000,scale-free,559701583,196,1.404372e-22,6.319269e-28,0.001238,0.025622,0.004377
100,2.000000,scale-free,518787521,196,4.017817e-23,2.651803e-25,0.017090,0.004749,0.022241
100,2.000000,scale-free,531424850,196,3.695992e-23,1.414270e-26,0.001268,0.008698,0.003871
100,2.000000,scale-free,550185723,196,5.600687e-23,1.396284e-28,0.001380,0.006497,0.001692
100,2.000000,scale-free,1484468608,196,6.766293e-23,6.888116e-26,0.000630,0.020925,0.003051
100,2.000000,scale-free,2574974512,196,1.155701e-23,1.135171e-27,0.001931,0.030137,0.005349
300,2.000000,scale-free,2484971338,596,4.380579e-20,3.398234e-24,0.006385,0.124041,0.024828
300,2.000000,scale-free,2447059286,596,1.491779e-19,2.663549e-25,0.006339,0.117981,0.018679
300,2.000000,scale-free,842212418,596,2.091694e-20,8.295898e-26,0.006314,0.117157,0.012424
300,2.000000,scale-free,1134102131,596,1.903561e-20,3.633662e-24,0.006284,0.117413,0.019430
300,2.000000,scale-free,3025150151,596,2.952068e-20,8.583478e-24,0.006754,0.131788,0.020070
300,2.000000,scale-free,1051141142,596,2.431338e-20,1.047047e-24,0.006531,0.130400,0.024570
300,2.000000,scale-free,1809665632,596,5.314141e-21,1.142973e-24,0.006973,0.127566,0.021313
300,2.000000,scale-free,494400060,596,1.129363e-20,1.001355e-24,0.006176,0.118988,0.010818
300,2.000000,scale-free,4022983582,596,1.711807e-19,7.977159e-26,0.006307,0.125447,0.017937
500,0.900000,random,2099631144,112350,1.193833e-23,3.079713e-27,0.362281,0.818750,0.530004
300,2.000000,scale-free,3905428083,596,7.236271e-20,2.115378e-25,0.006209,0.123962,0.024217
500,2.000000,scale-free,2562868762,996,1.629540e-18,4.774970e-24,0.017981,0.616994,0.035092
500,2.000000,scale-free,620662117,996,1.866658e-18,1.910237e-23,0.018882,0.619659,0.067847
500,0.900000,random,3240071577,112334,3.252725e-23,2.448624e-27,0.378813,0.770703,0.517462
500,2.000000,scale-free,1878761738,996,4.087938e-18,9.055626e-25,0.018047,0.608560,0.072184
500,2.000000,scale-free,4174103998,996,3.726856e-19,6.731586e-23,0.019650,0.570045,0.036381
500,2.000000,scale-free,2785317537,996,1.432876e-18,1.147960e-22,0.018670,0.583944,0.044172
500,2.000000,scale-free,1351724881,996,4.118350e-19,1.028722e-24,0.017932,0.640711,0.016049
500,2.000000,scale-free,79557986,996,7.487988e-19,1.619655e-23,0.018072,0.650994,0.068816
500,2.000000,scale-free,578591367,996,4.109304e-18,2.340330e-24,0.019485,0.716219,0.071772
100,4.000000,scale-free,1353010087,389,4.209210e-24,1.697383e-26,0.001298,0.019898,0.002372
100,4.000000,scale-free,3026874175,389,2.362717e-23,1.034416e-25,0.002192,0.023778,0.003323
100,4.000000,scale-free,1820399806,389,4.659050e-24,7.763348e-26,0.001703,0.019865,0.002059
100,4.000000,scale-free,2276596064,389,5.174154e-23,1.320353e-26,0.001632,0.009098,0.002076
100,4.000000,scale-free,748043412,389,9.745006e-24,1.445674e-26,0.001667,0.024584,0.002863
100,4.000000,scale-free,1572054042,389,1.561480e-23,1.305460e-26,0.001541,0.009296,0.001953
100,4.000000,scale-free,1274153130,389,3.930002e-24,1.333482e-26,0.001724,0.009417,0.019838
100,4.000000,scale-free,3644990804,389,1.770044e-23,1.390068e-26,0.001682,0.009128,0.002559
100,4.000000,scale-free,3074898903,389,9.626479e-24,1.324134e-26,0.000897,0.008705,0.002919
100,4.000000,scale-free,2810640223,389,6.260755e-24,1.297723e-26,0.001660,0.009291,0.003395
500,2.000000,scale-free,3404495538,996,5.728316e-19,3.798882e-24,0.017598,0.578681,0.068485
300,4.000000,scale-free,607088706,1189,2.473517e-20,1.119610e-23,0.008149,0.115623,0.013392
300,4.000000,scale-free,2047249860,1189,3.820166e-20,4.160358e-24,0.008122,0.117212,0.009970
500,2.000000,scale-free,4112823734,996,1.899607e-18,3.777060e-24,0.018051,0.573671,0.071897
300,4.000000,scale-free,4104246166,1189,3.079830e-20,4.514700e-24,0.008548,0.117999,0.012801
300,4.000000,scale-free,4108648469,1189,2.547750e-20,3.750121e-24,0.007960,0.121866,0.011772
300,4.000000,scale-free,3541550938,1189,8.665317e-21,3.181591e-24,0.008126,0.124875,0.013312
300,4.000000,scale-free,2242631990,1189,1.166124e-20,1.099994e-23,0.008390,0.123438,0.013636
300,4.000000,scale-free,1771078157,1189,2.218028e-20,8.996728e-25,0.007938,0.117738,0.015678
300,4.000000,scale-free,1497649389,1189,1.054051e-20,2.236587e-25,0.009610,0.127563,0.025339
300,4.000000,scale-free,3766410784,1189,7.535650e-21,5.190632e-24,0.008381,0.119777,0.011871
300,4.000000,scale-free,767046424,1189,1.390034e-20,1.082702e-23,0.009480,0.125911,0.010164
500,0.900000,random,429037650,112234,3.054024e-23,2.764169e-27,0.390176,0.972280,0.529467
500,4.000000,scale-free,491210019,1989,2.850543e-19,6.342046e-23,0.022950,0.605481,0.060351
500,4.000000,scale-free,4214120534,1989,4.566094e-19,7.168131e-23,0.023531,0.671180,0.027066
500,4.000000,scale-free,2483200471,1989,1.062344e-18,4.366400e-23,0.023248,0.912998,0.055144
500,4.000000,scale-free,1375929877,1989,3.835626e-19,1.973303e-23,0.024679,0.760772,0.042666
500,4.000000,scale-free,3638867865,1989,5.578031e-19,6.179285e-23,0.023884,0.616934,0.042183
500,4.000000,scale-free,2587707412,1989,8.049071e-20,3.660357e-24,0.022955,0.626645,0.039091
500,4.000000,scale-free,571901212,1989,3.352567e-19,5.810950e-23,0.022830,0.546142,0.068050
100,6.000000,scale-free,428642573,578,1.496416e-23,1.680939e-27,0.001055,0.020208,0.003319
100,6.000000,scale-free,530806760,578,3.528405e-23,4.281687e-26,0.001773,0.009787,0.002028
500,4.000000,scale-free,2938252733,1989,9.301340e-19,2.801226e-23,0.023291,0.578591,0.037291
100,6.000000,scale-free,1191937372,578,4.179419e-23,5.499877e-26,0.001776,0.007513,0.002431
100,6.000000,scale-free,64425663,578,4.313821e-23,2.908380e-26,0.001202,0.006232,0.002229
100,6.000000,scale-free,4241406054,578,3.549071e-23,1.052636e-28,0.001914,0.009735,0.004201
100,6.000000,scale-free,699982218,578,9.970180e-23,6.668537e-27,0.001739,0.021418,0.017473
100,6.000000,scale-free,3451487391,578,1.453731e-23,7.537714e-27,0.002199,0.024183,0.002900
100,6.000000,scale-free,991973021,578,2.116424e-23,8.078362e-26,0.001172,0.018930,0.016313
100,6.000000,scale-free,996789520,578,7.104592e-23,4.222131e-26,0.001879,0.009213,0.001484
100,6.000000,scale-free,2056029251,578,1.833699e-22,1.615632e-26,0.002235,0.011106,0.003390
500,4.000000,scale-free,1573202942,1989,2.674971e-19,1.625212e-23,0.023293,0.611801,0.050526
300,6.000000,scale-free,2810269016,1778,2.629903e-19,2.146549e-24,0.008547,0.114668,0.008802
300,6.000000,scale-free,963766734,1778,1.222264e-19,8.984901e-25,0.009242,0.120707,0.014895
500,4.000000,scale-free,1862916986,1989,4.522286e-19,5.663000e-23,0.024649,0.601743,0.045866
300,6.000000,scale-free,1239380397,1778,2.574983e-19,5.795940e-24,0.008448,0.121514,0.017465
300,6.000000,scale-free,4215139147,1778,3.083869e-19,4.568234e-24,0.008444,0.116924,0.023839
300,6.000000,scale-free,3992076433,1778,1.493527e-19,4.654102e-24,0.008242,0.114975,0.010497
300,6.000000,scale-free,1347052569,1778,3.090543e-19,7.871934e-24,0.008231,0.119607,0.009565
300,6.000000,scale-free,4289293867,1778,1.323987e-19,1.947517e-24,0.008314,0.116946,0.013889
300,6.000000,scale-free,112403752,1778,1.532177e-19,9.353382e-25,0.009234,0.117185,0.013938
300,6.000000,scale-free,3947885536,1778,2.804188e-19,1.827617e-23,0.008293,0.111365,0.008070
300,6.000000,scale-free,1349992041,1778,3.281690e-19,1.930717e-24,0.008344,0.112517,0.007440
500,6.000000,scale-free,1353266985,2978,2.515891e-18,7.001390e-23,0.026010,0.637144,0.029702
500,6.000000,scale-free,278945520,2978,7.563368e-19,6.563010e-23,0.025995,0.630595,0.045186
500,6.000000,scale-free,1806851595,2978,6.053991e-19,1.784538e-23,0.026473,0.635268,0.047342
500,6.000000,scale-free,3940757239,2978,1.927582e-18,3.835814e-23,0.026994,0.701029,0.040391
500,6.000000,scale-free,3835941745,2978,1.408784e-18,3.432635e-23,0.025385,0.572350,0.082464
500,6.000000,scale-free,244312366,2978,1.372749e-18,6.715221e-23,0.026043,0.572572,0.032563
500,6.000000,scale-free,3182197227,2978,3.948082e-18,5.036198e-23,0.024650,0.618214,0.051270
100,8.000000,scale-free,4137209682,763,5.594790e-23,2.101668e-26,0.000990,0.026799,0.001686
500,6.000000,scale-free,3153383329,2978,1.760837e-18,1.368432e-22,0.025764,0.631003,0.027621
100,8.000000,scale-free,736959990,763,7.658723e-23,3.635071e-27,0.001663,0.007689,0.003412
100,8.000000,scale-free,3555174232,763,1.018577e-22,7.539242e-27,0.002027,0.009135,0.005572
100,8.000000,scale-free,1288294795,763,1.517209e-22,3.091153e-26,0.002078,0.009868,0.006977
100,8.000000,scale-free,4103903956,763,7.103620e-23,1.941273e-26,0.002550,0.011701,0.002797
100,8.000000,scale-free,3677523709,763,6.332053e-23,3.636057e-27,0.001496,0.008705,0.003249
100,8.000000,scale-free,2561570061,763,9.537700e-23,1.969728e-26,0.001217,0.012032,0.016900
100,8.000000,scale-free,371472192,763,9.172985e-23,2.105519e-26,0.002331,0.032965,0.003761
100,8.000000,scale-free,2057230988,763,1.429510e-22,2.348932e-26,0.004048,0.015742,0.001821
100,8.000000,scale-free,267121390,763,7.193654e-23,2.949715e-26,0.037828,0.035297,0.006563
300,8.000000,scale-free,3288649015,2363,6.228938e-20,3.440333e-24,0.008798,0.117226,0.016978
300,8.000000,scale-free,397787884,2363,1.303405e-19,6.429997e-24,0.009270,0.125358,0.017755
300,8.000000,scale-free,2404554050,2363,7.312975e-20,1.101803e-23,0.009392,0.122186,0.008420
300,8.000000,scale-free,3633853880,2363,2.019697e-19,1.506991e-24,0.008709,0.115839,0.015071
500,6.000000,scale-free,1543425330,2978,1.436941e-18,3.338778e-23,0.025673,0.663632,0.040046
500,6.000000,scale-free,306378452,2978,1.819700e-18,4.768083e-23,0.025260,0.633220,0.041450
300,8.000000,scale-free,1646069565,2363,3.005837e-20,1.975407e-24,0.008742,0.109673,0.004980
300,8.000000,scale-free,3259351280,2363,2.707734e-20,2.380149e-24,0.008535,0.110030,0.017995
300,8.000000,scale-free,168131766,2363,1.381417e-19,5.379075e-24,0.008673,0.110276,0.016157
300,8.000000,scale-free,2626224206,2363,2.127461e-20,5.088576e-24,0.009235,0.119245,0.017250
300,8.000000,scale-free,881680652,2363,4.930379e-20,5.652348e-24,0.008812,0.113908,0.006091
300,8.000000,scale-free,3832932814,2363,5.138250e-20,3.539754e-24,0.009074,0.117751,0.019923
500,8.000000,scale-free,32901448,3963,9.959761e-18,8.152240e-23,0.029179,0.680271,0.059597
500,8.000000,scale-free,3342428912,3963,8.070478e-18,1.044139e-22,0.025270,0.636036,0.028729
500,8.000000,scale-free,3466643298,3963,1.126412e-17,5.663071e-23,0.025950,0.628978,0.040637
500,8.000000,scale-free,3461356757,3963,8.427500e-18,3.685379e-23,0.026420,0.630658,0.056394
500,8.000000,scale-free,1507459675,3963,7.822622e-18,1.152620e-22,0.025155,0.637295,0.074382
500,8.000000,scale-free,152425916,3963,9.387179e-18,4.181533e-23,0.027822,0.639782,0.076374
500,8.000000,scale-free,3948947447,3963,6.174753e-18,5.445451e-23,0.026611,0.680595,0.028075
500,8.000000,scale-free,1110231383,3963,3.804107e-18,7.015468e-24,0.026472,0.728349,0.025255
100,10.000000,scale-free,3048751351,944,1.049261e-22,1.080424e-26,0.002262,0.009061,0.005210
100,10.000000,scale-free,259878309,944,7.402312e-23,9.909079e-27,0.002028,0.009020,0.004150
100,10.000000,scale-free,28400302,944,7.134755e-23,6.463137e-27,0.005794,0.019551,0.013020
100,10.000000,scale-free,368403185,944,1.101211e-22,3.642171e-27,0.002260,0.018721,0.000792
100,10.000000,scale-free,1993900121,944,6.659413e-23,2.263715e-26,0.002667,0.009360,0.005619
100,10.000000,scale-free,3902010389,944,1.192796e-22,1.071687e-26,0.002817,0.027555,0.020135
100,10.000000,scale-free,3999930965,944,6.202504e-23,1.949196e-26,0.005649,0.025708,0.008614
100,10.000000,scale-free,1014371792,944,8.871180e-23,1.055535e-26,0.027666,0.016048,0.008723
100,10.000000,scale-free,3570631052,944,7.679995e-23,2.263089e-26,0.002324,0.009047,0.003428
100,10.000000,scale-free,3365227966,944,8.541132e-23,2.504476e-26,0.002384,0.020310,0.004120
300,10.000000,scale-free,3286646753,2944,2.129805e-20,5.855900e-24,0.009581,0.111232,0.008407
300,10.000000,scale-free,1918305784,2944,5.089036e-20,2.738752e-24,0.009422,0.112306,0.018435
300,10.000000,scale-free,2142107275,2944,5.281768e-20,6.272997e-24,0.009483,0.113638,0.015709
300,10.000000,scale-free,4294834274,2944,3.875995e-20,1.733137e-24,0.009801,0.112964,0.011337
500,8.000000,scale-free,2915737586,3963,1.760885e-18,8.028844e-23,0.025895,0.544039,0.027506
500,8.000000,scale-free,3218425513,3963,6.705258e-18,8.273817e-23,0.025137,0.559769,0.017090
300,10.000000,scale-free,4009534985,2944,7.062579e-20,1.917632e-24,0.009414,0.114879,0.019372
300,10.000000,scale-free,3506328149,2944,1.971855e-19,3.520253e-24,0.010091,0.115208,0.007890
300,10.000000,scale-free,2914147925,2944,1.672907e-19,3.021448e-24,0.009941,0.125890,0.006065
300,10.000000,scale-free,156514149,2944,6.286853e-20,1.102694e-24,0.010432,0.128266,0.022804
300,10.000000,scale-free,1020476486,2944,2.910848e-20,4.309091e-24,0.012050,0.118767,0.015031
300,10.000000,scale-free,3082449807,2944,3.679817e-20,2.512788e-24,0.010136,0.120428,0.024484
500,10.000000,scale-free,1984171079,4944,1.477282e-17,5.340218e-24,0.027758,0.585546,0.030243
500,10.000000,scale-free,455279536,4944,1.385346e-17,3.757085e-23,0.026586,0.584117,0.025809
500,10.000000,scale-free,2092577914,4944,7.994837e-18,2.096166e-23,0.028532,0.566272,0.023213
500,10.000000,scale-free,1941091135,4944,8.668596e-18,1.033313e-23,0.028336,0.579170,0.058081
500,10.000000,scale-free,2272762563,4944,6.249845e-18,2.096027e-23,0.027438,0.620513,0.022399
500,10.000000,scale-free,2104903188,4944,7.722701e-18,1.716851e-23,0.028801,0.641923,0.062413
500,10.000000,scale-free,780614563,4944,2.337055e-17,4.852138e-23,0.028018,0.618756,0.049571
500,10.000000,scale-free,3695395923,4944,3.149308e-18,1.388443e-23,0.030092,0.638614,0.021883
100,12.000000,scale-free,3956896941,1121,5.977918e-23,1.560372e-26,0.004643,0.021619,0.006212
100,12.000000,scale-free,653027994,1121,8.532352e-23,2.628485e-27,0.002650,0.050640,0.003046
100,12.000000,scale-free,2774633641,1121,4.723102e-23,2.061451e-26,0.003880,0.037628,0.006943
100,12.000000,scale-free,3584660738,1121,6.231466e-23,1.176349e-26,0.001274,0.004554,0.002269
100,12.000000,scale-free,2398264059,1121,8.256899e-23,1.071589e-26,0.004041,0.029451,0.001182
100,12.000000,scale-free,3833924922,1121,7.057944e-23,4.058899e-27,0.003154,0.009092,0.007350
100,12.000000,scale-free,4283780636,1121,6.390567e-23,4.038968e-27,0.002614,0.009109,0.005323
100,12.000000,scale-free,4126819880,1121,8.664589e-23,1.295073e-26,0.002820,0.034063,0.008297
100,12.000000,scale-free,3614899338,1121,4.981513e-23,4.040546e-27,0.003667,0.011101,0.005761
100,12.000000,scale-free,2675934720,1121,7.280837e-23,3.736992e-26,0.001346,0.026387,0.004718
300,12.000000,scale-free,2478323399,3521,1.135132e-19,1.154032e-24,0.011703,0.120769,0.017977
300,12.000000,scale-free,631804598,3521,2.863568e-19,1.513651e-24,0.011878,0.123727,0.029658
500,10.000000,scale-free,3579123765,4944,1.224997e-17,9.116438e-23,0.026631,0.560738,0.025555
500,10.000000,scale-free,3657706002,4944,1.969774e-17,3.318750e-23,0.026911,0.558528,0.056156
300,12.000000,scale-free,102903894,3521,1.080788e-19,1.800904e-24,0.011615,0.119434,0.023671
300,12.000000,scale-free,2359133471,3521,2.395485e-19,1.935423e-24,0.011364,0.122318,0.028586
300,12.000000,scale-free,3110690273,3521,2.541023e-19,1.678533e-24,0.011086,0.116951,0.015067
300,12.000000,scale-free,2684727660,3521,2.103714e-19,2.511170e-24,0.011500,0.119335,0.028034
300,12.000000,scale-free,4159252107,3521,1.111511e-19,4.412422e-24,0.012113,0.113941,0.028494
300,12.000000,scale-free,3436735489,3521,3.294484e-20,1.715519e-24,0.010943,0.114631,0.027473
300,12.000000,scale-free,3654182278,3521,2.345754e-19,2.666065e-24,0.011528,0.122641,0.030847
300,12.000000,scale-free,3726767517,3521,2.261318e-19,1.500259e-24,0.012602,0.116672,0.006186
500,12.000000,scale-free,2737045570,5921,1.082325e-17,1.275603e-23,0.030802,0.604764,0.040482
500,12.000000,scale-free,1276113772,5921,6.251598e-18,5.176630e-23,0.031083,0.624493,0.022947
500,12.000000,scale-free,2136429822,5921,1.982942e-17,4.724473e-23,0.031036,0.663935,0.076821
500,12.000000,scale-free,2691065916,5921,1.051903e-17,2.193639e-23,0.032736,0.652094,0.073524
500,12.000000,scale-free,4226960243,5921,7.225411e-18,2.056277e-23,0.030569,0.611752,0.038726
500,12.000000,scale-free,2377651430,5921,1.401308e-17,1.165295e-23,0.034732,0.634981,0.061279
500,12.000000,scale-free,169065558,5921,1.624845e-17,1.253267e-23,0.031973,0.645563,0.066697
100,14.000000,scale-free,1051633596,1294,8.275375e-24,1.778487e-26,0.002990,0.007054,0.004250
100,14.000000,scale-free,1896130603,1294,1.617191e-23,7.270142e-27,0.003736,0.014892,0.007623
500,12.000000,scale-free,1990604595,5921,1.574630e-17,1.951595e-23,0.030756,0.606764,0.065293
100,14.000000,scale-free,649424643,1294,5.868297e-24,1.778487e-26,0.003070,0.007201,0.007873
100,14.000000,scale-free,992277122,1294,2.006066e-23,1.051709e-26,0.002170,0.008564,0.034966
100,14.000000,scale-free,1147006069,1294,1.011654e-23,1.172563e-26,0.003017,0.010000,0.009525
100,14.000000,scale-free,759371637,1294,1.701679e-23,4.042123e-27,0.001529,0.004940,0.003571
100,14.000000,scale-free,1606657199,1294,2.557610e-23,3.332148e-27,0.002867,0.009181,0.002795
100,14.000000,scale-free,3796999365,1294,9.117434e-24,8.280673e-27,0.002659,0.009640,0.006466
100,14.000000,scale-free,3347836329,1294,4.278686e-23,2.839899e-29,0.003933,0.009820,0.001168
100,14.000000,scale-free,1803010993,1294,2.373301e-23,1.393444e-26,0.003363,0.023744,0.004456
300,14.000000,scale-free,463830618,4094,1.078565e-19,2.561859e-24,0.014980,0.132627,0.014166
300,14.000000,scale-free,4117504099,4094,5.056856e-20,1.235058e-24,0.015356,0.135703,0.018433
500,12.000000,scale-free,1185240662,5921,1.294272e-17,1.779873e-23,0.029902,0.610846,0.079790
300,14.000000,scale-free,2647748578,4094,1.651011e-19,7.487738e-25,0.012295,0.121762,0.023344
500,12.000000,scale-free,467892754,5921,1.496381e-17,5.216282e-23,0.033033,0.601658,0.067625
300,14.000000,scale-free,3747468222,4094,3.621816e-20,2.024944e-24,0.013753,0.128850,0.022207
300,14.000000,scale-free,1501740214,4094,1.147149e-19,1.102568e-24,0.012294,0.112242,0.030695
300,14.000000,scale-free,349455266,4094,7.177969e-20,1.048949e-24,0.012077,0.121039,0.031442
300,14.000000,scale-free,1309487448,4094,7.296047e-20,1.216341e-24,0.012281,0.123986,0.034961
300,14.000000,scale-free,1574135256,4094,8.377734e-20,5.092046e-25,0.013208,0.125250,0.034299
300,14.000000,scale-free,2264139227,4094,8.178172e-20,6.607676e-25,0.011901,0.122223,0.029494
300,14.000000,scale-free,4037318206,4094,9.779234e-20,1.918181e-24,0.013137,0.119530,0.037033
500,14.000000,scale-free,1368474561,6894,6.390198e-18,2.619505e-23,0.036444,0.656051,0.099980
500,14.000000,scale-free,2502341082,6894,9.567540e-18,3.759038e-23,0.037114,0.641423,0.074655
500,14.000000,scale-free,1194179589,6894,7.835356e-18,7.715237e-24,0.034449,0.602577,0.089012
500,14.000000,scale-free,2281951661,6894,7.963700e-18,1.363134e-23,0.039125,0.557887,0.083886
500,14.000000,scale-free,4123175808,6894,8.278830e-18,2.268581e-23,0.036483,0.620045,0.083726
500,14.000000,scale-free,2492761517,6894,7.916388e-18,1.642513e-23,0.035884,0.603269,0.035236
500,14.000000,scale-free,3285273443,6894,5.858292e-18,1.566576e-23,0.036353,0.639548,0.095073
100,16.000000,scale-free,990787666,1463,1.614965e-24,3.546719e-27,0.004754,0.017155,0.005652
100,16.000000,scale-free,2567771015,1463,1.306329e-24,3.234330e-27,0.001639,0.004836,0.006283
100,16.000000,scale-free,3907960968,1463,8.364830e-25,1.625053e-27,0.004479,0.010542,0.009402
100,16.000000,scale-free,3307248507,1463,8.923079e-25,8.204153e-28,0.002779,0.005515,0.004881
100,16.000000,scale-free,2067539558,1463,1.980780e-24,7.071361e-27,0.003330,0.009387,0.003634
500,14.000000,scale-free,4291969793,6894,6.223440e-18,1.200034e-23,0.038174,0.601695,0.076133
100,16.000000,scale-free,1243509157,1463,2.568527e-24,5.099197e-27,0.002172,0.027642,0.002264
100,16.000000,scale-free,668592469,1463,2.913676e-24,3.449689e-27,0.003639,0.009698,0.007751
100,16.000000,scale-free,431545993,1463,1.455403e-24,6.108939e-27,0.003414,0.005005,0.004612
100,16.000000,scale-free,572778034,1463,2.736212e-24,1.055279e-26,0.001655,0.004743,0.002506
100,16.000000,scale-free,464872460,1463,7.372424e-24,1.051788e-26,0.001945,0.005012,0.005469
500,14.000000,scale-free,800099299,6894,9.485917e-18,3.109211e-23,0.033240,0.571783,0.084870
300,16.000000,scale-free,3464317730,4663,4.651695e-20,1.089482e-24,0.013792,0.126764,0.035936
500,14.000000,scale-free,4118145363,6894,5.295317e-18,8.796776e-24,0.034779,0.575008,0.083467
300,16.000000,scale-free,1912107401,4663,2.151704e-20,1.603616e-24,0.015281,0.133057,0.047038
300,16.000000,scale-free,3924023454,4663,1.287645e-20,1.322949e-24,0.013491,0.124421,0.038904
300,16.000000,scale-free,453792818,4663,4.588293e-20,1.165336e-24,0.014826,0.122334,0.042326
300,16.000000,scale-free,3032600251,4663,7.373809e-20,1.979637e-24,0.017688,0.122274,0.046659
300,16.000000,scale-free,3277965990,4663,3.131237e-20,1.813379e-24,0.016265,0.131154,0.013860
300,16.000000,scale-free,1727988392,4663,1.948285e-20,1.688079e-24,0.014143,0.127361,0.038589
300,16.000000,scale-free,2787247349,4663,5.354272e-20,1.421990e-24,0.013656,0.118801,0.025854
300,16.000000,scale-free,1580572331,4663,1.767065e-20,2.150428e-24,0.013667,0.124696,0.034498
300,16.000000,scale-free,725848960,4663,4.119116e-20,8.937088e-25,0.014816,0.117632,0.035406
500,16.000000,scale-free,2869721696,7863,7.509723e-19,1.659594e-23,0.040403,0.663591,0.110885
500,16.000000,scale-free,4163241942,7863,1.440054e-19,3.033586e-23,0.039379,0.675482,0.121563
500,16.000000,scale-free,1857272511,7863,1.347228e-19,2.908256e-23,0.039026,0.661286,0.110171
500,16.000000,scale-free,971818965,7863,4.906051e-19,9.271069e-24,0.043380,0.672569,0.041018
500,16.000000,scale-free,3407211297,7863,3.451311e-19,1.677255e-23,0.040161,0.676456,0.093735
500,16.000000,scale-free,2094162963,7863,1.922643e-19,2.001864e-23,0.039253,0.682833,0.022693
500,16.000000,scale-free,770389890,7863,4.301404e-19,1.858577e-23,0.040810,0.650589,0.041262
100,18.000000,scale-free,1953211283,1628,1.307723e-23,3.585373e-27,0.004123,0.009657,0.006793
500,16.000000,scale-free,2459254127,7863,7.632709e-19,1.414179e-23,0.040353,0.691000,0.092324
100,18.000000,scale-free,3589906314,1628,5.147144e-24,4.039757e-27,0.003478,0.009855,0.002542
100,18.000000,scale-free,397956575,1628,2.563440e-24,1.080444e-26,0.001822,0.004822,0.003134
100,18.000000,scale-free,2230565452,1628,1.283588e-24,1.817536e-27,0.002012,0.004749,0.002952
100,18.000000,scale-free,3232615780,1628,6.821605e-24,3.244190e-27,0.001743,0.004772,0.004523
100,18.000000,scale-free,2955849735,1628,4.680771e-24,5.062909e-27,0.001753,0.004803,0.006689
100,18.000000,scale-free,2518351134,1628,8.085639e-24,2.675816e-27,0.003589,0.009998,0.003085
100,18.000000,scale-free,3180569084,1628,8.283174e-24,4.849966e-27,0.001830,0.004919,0.005758
100,18.000000,scale-free,1589846259,1628,1.151751e-23,4.051590e-27,0.004048,0.010331,0.009937
100,18.000000,scale-free,4143042521,1628,2.210721e-24,3.433320e-27,0.001836,0.004836,0.001282
300,18.000000,scale-free,422274207,5228,7.520144e-19,9.512484e-25,0.016787,0.117842,0.047572
300,18.000000,scale-free,1633288120,5228,5.533082e-19,2.136999e-24,0.015976,0.130129,0.016686
500,16.000000,scale-free,1597825862,7863,1.021522e-19,1.403180e-23,0.038395,0.678037,0.111002
500,16.000000,scale-free,1342053215,7863,9.329513e-19,2.040668e-23,0.040357,0.742230,0.113880
300,18.000000,scale-free,3324662176,5228,4.442234e-19,1.331673e-24,0.016667,0.121212,0.051761
300,18.000000,scale-free,673469967,5228,5.078627e-19,1.401397e-24,0.015665,0.124069,0.012011
300,18.000000,scale-free,1366296154,5228,3.198590e-19,2.062366e-24,0.015688,0.120897,0.022672
300,18.000000,scale-free,3803143869,5228,3.285886e-19,7.389869e-25,0.016056,0.123615,0.025373
300,18.000000,scale-free,3079597508,5228,3.477732e-19,1.164178e-24,0.017843,0.119603,0.050563
300,18.000000,scale-free,3480086393,5228,6.001217e-19,1.465596e-24,0.015840,0.123273,0.047508
300,18.000000,scale-free,4062849898,5228,2.947004e-19,1.863617e-24,0.015076,0.122882,0.049554
300,18.000000,scale-free,3662909024,5228,3.584246e-19,2.021470e-24,0.017661,0.136154,0.051200
500,18.000000,scale-free,782781728,8828,2.555411e-18,3.483693e-23,0.044194,0.639107,0.112438
500,18.000000,scale-free,386376708,8828,6.235279e-18,1.144745e-23,0.044111,0.601751,0.134235
500,18.000000,scale-free,195298236,8828,4.524780e-18,1.038494e-23,0.041559,0.598992,0.050672
500,18.000000,scale-free,3033010166,8828,7.243655e-18,1.456594e-23,0.042503,0.611248,0.026198
500,18.000000,scale-free,4207035582,8828,5.281103e-18,1.027133e-23,0.043652,0.597422,0.106183
500,18.000000,scale-free,1810001799,8828,4.268154e-18,1.833559e-23,0.046930,0.637995,0.084026
500,18.000000,scale-free,873690669,8828,4.017812e-18,1.126788e-23,0.043099,0.589495,0.126365
500,18.000000,scale-free,3356085062,8828,4.367467e-18,1.342047e-23,0.043480,0.584797,0.139727
100,20.000000,scale-free,851335263,1789,1.119604e-23,4.039769e-27,0.001863,0.004843,0.006615
100,20.000000,scale-free,4136575783,1789,4.544247e-24,2.019484e-28,0.002646,0.004995,0.004782
100,20.000000,scale-free,2756418079,1789,2.228941e-24,4.505973e-27,0.001974,0.005528,0.011395
100,20.000000,scale-free,4176188351,1789,4.116316e-24,6.680863e-27,0.001931,0.005180,0.005290
100,20.000000,scale-free,2205856148,1789,6.726385e-24,3.231371e-27,0.002036,0.005609,0.004279
100,20.000000,scale-free,2254592290,1789,5.842979e-24,1.009742e-27,0.003911,0.009154,0.010597
100,20.000000,scale-free,3286850350,1789,3.144432e-24,2.224588e-27,0.001960,0.005030,0.006509
100,20.000000,scale-free,2307973306,1789,7.143804e-24,5.103141e-27,0.003706,0.008901,0.007805
100,20.000000,scale-free,314618829,1789,1.127467e-23,4.897248e-27,0.001965,0.004847,0.005986
100,20.000000,scale-free,525964578,1789,2.760424e-24,3.837808e-27,0.001848,0.004958,0.004652
300,20.000000,scale-free,3133846379,5789,1.057200e-18,1.523049e-24,0.017396,0.122177,0.058714
300,20.000000,scale-free,3946106243,5789,1.138883e-18,9.335587e-25,0.016733,0.119926,0.057030
500,18.000000,scale-free,1601495959,8828,7.080389e-18,1.611100e-23,0.045509,0.601301,0.021484
500,18.000000,scale-free,3738096726,8828,4.458920e-18,5.009813e-24,0.043562,0.568452,0.112661
300,20.000000,scale-free,2326020155,5789,1.139924e-18,7.429281e-25,0.017478,0.125910,0.029815
300,20.000000,scale-free,1844929229,5789,1.183373e-18,1.940966e-24,0.017659,0.121872,0.051017
300,20.000000,scale-free,1355160311,5789,6.944953e-19,1.623625e-24,0.016896,0.128681,0.039052
300,20.000000,scale-free,143638599,5789,8.887848e-19,1.623775e-24,0.017654,0.127095,0.045708
300,20.000000,scale-free,2328881921,5789,8.612261e-19,1.622377e-24,0.016496,0.127904,0.050757
300,20.000000,scale-free,3282503714,5789,6.928571e-19,1.052492e-24,0.018249,0.123973,0.048018
300,20.000000,scale-free,2360972523,5789,1.069585e-18,1.879014e-24,0.018334,0.126359,0.012863
300,20.000000,scale-free,1289428905,5789,6.659296e-19,1.115952e-24,0.016641,0.121855,0.053396
500,20.000000,scale-free,2151926852,9789,6.636589e-18,2.698619e-23,0.050021,0.656585,0.031285
500,20.000000,scale-free,2052804780,9789,5.601588e-18,2.216242e-23,0.048229,0.638943,0.139484
500,20.000000,scale-free,3188637598,9789,5.521638e-18,9.744444e-24,0.052487,0.660251,0.032513
500,20.000000,scale-free,3872035499,9789,7.494959e-18,1.315682e-23,0.048089,0.597867,0.039648
500,20.000000,scale-free,188023232,9789,7.243650e-18,1.791998e-23,0.051614,0.652107,0.036888
500,20.000000,scale-free,3546529633,9789,4.133458e-18,1.519532e-23,0.049296,0.657529,0.082109
500,20.000000,scale-free,1456183255,9789,4.923521e-18,1.413133e-23,0.050100,0.631833,0.156076
500,20.000000,scale-free,3753518541,9789,4.806151e-18,1.147585e-23,0.050972,0.560800,0.028003
500,20.000000,scale-free,3838378912,9789,8.342818e-18,1.335610e-23,0.051196,0.691890,0.095400
500,20.000000,scale-free,1135938726,9789,5.798975e-18,7.541701e-24,0.051585,0.629570,0.141091
